{
  "id": null,
  "title": "FeatureStore Hit Ratio SLO",
  "type": "timeseries",
  "gridPos": {
    "h": 8,
    "w": 12,
    "x": 0,
    "y": 0
  },
  "fieldConfig": {
    "defaults": {
      "unit": "percentunit",
      "min": 0,
      "max": 1,
      "decimals": 2,
      "thresholds": {
        "mode": "absolute",
        "steps": [
          {
            "color": "red",
            "value": null
          },
          {
            "color": "yellow",
            "value": 0.80
          },
          {
            "color": "orange",
            "value": 0.95
          },
          {
            "color": "green",
            "value": 0.98
          }
        ]
      },
      "custom": {
        "drawStyle": "line",
        "lineInterpolation": "linear",
        "lineWidth": 2,
        "fillOpacity": 10,
        "gradientMode": "opacity",
        "spanNulls": false,
        "insertNulls": false,
        "showPoints": "never",
        "pointSize": 5,
        "stacking": {
          "mode": "none",
          "group": "A"
        },
        "axisPlacement": "auto",
        "axisLabel": "Hit Ratio",
        "axisColorMode": "text",
        "scaleDistribution": {
          "type": "linear"
        },
        "hideFrom": {
          "legend": false,
          "tooltip": false,
          "vis": false
        },
        "thresholdsStyle": {
          "mode": "line"
        }
      },
      "mappings": [],
      "color": {
        "mode": "palette-classic"
      }
    },
    "overrides": [
      {
        "matcher": {
          "id": "byName",
          "options": "SLO Target (95%)"
        },
        "properties": [
          {
            "id": "color",
            "value": {
              "mode": "fixed",
              "fixedColor": "red"
            }
          },
          {
            "id": "custom.lineStyle",
            "value": {
              "dash": [10, 10],
              "fill": "dash"
            }
          },
          {
            "id": "custom.lineWidth",
            "value": 1
          }
        ]
      }
    ]
  },
  "options": {
    "tooltip": {
      "mode": "multi",
      "sort": "desc"
    },
    "legend": {
      "displayMode": "table",
      "placement": "bottom",
      "calcs": [
        "lastNotNull",
        "min",
        "max",
        "mean"
      ]
    }
  },
  "targets": [
    {
      "expr": "featurestore:hit_ratio_5m",
      "interval": "",
      "legendFormat": "5-min Hit Ratio",
      "refId": "A",
      "datasource": {
        "type": "prometheus",
        "uid": "${DS_PROMETHEUS}"
      }
    },
    {
      "expr": "featurestore_hit_ratio",
      "interval": "",
      "legendFormat": "Current Hit Ratio",
      "refId": "B",
      "datasource": {
        "type": "prometheus",
        "uid": "${DS_PROMETHEUS}"
      }
    },
    {
      "expr": "0.95",
      "interval": "",
      "legendFormat": "SLO Target (95%)",
      "refId": "C",
      "datasource": {
        "type": "prometheus",
        "uid": "${DS_PROMETHEUS}"
      }
    }
  ],
  "transformations": [],
  "transparent": false,
  "datasource": {
    "type": "prometheus",
    "uid": "${DS_PROMETHEUS}"
  },
  "description": "FeatureStore cache hit ratio monitoring with 95% SLO target. Red line indicates SLO threshold.",
  "pluginVersion": "9.0.0"
}