{
  "dashboard": {
    "id": null,
    "title": "IntradayJules Risk Enforcement Dashboard",
    "tags": ["trading", "risk", "enforcement"],
    "style": "dark",
    "timezone": "browser",
    "refresh": "5s",
    "time": {
      "from": "now-1h",
      "to": "now"
    },
    "panels": [
      {
        "id": 1,
        "title": "Risk Enforcement Latency P99",
        "type": "stat",
        "targets": [
          {
            "expr": "histogram_quantile(0.99, rate(risk_enforcement_duration_seconds_bucket[5m]))",
            "legendFormat": "P99 Latency",
            "refId": "A"
          }
        ],
        "fieldConfig": {
          "defaults": {
            "unit": "s",
            "thresholds": {
              "steps": [
                {"color": "green", "value": null},
                {"color": "yellow", "value": 0.00002},
                {"color": "red", "value": 0.000025}
              ]
            }
          }
        },
        "gridPos": {"h": 8, "w": 6, "x": 0, "y": 0}
      },
      {
        "id": 2,
        "title": "VaR Calculation Latency P99",
        "type": "stat",
        "targets": [
          {
            "expr": "histogram_quantile(0.99, rate(var_calculation_duration_seconds_bucket[5m]))",
            "legendFormat": "VaR P99 Latency",
            "refId": "A"
          }
        ],
        "fieldConfig": {
          "defaults": {
            "unit": "s",
            "thresholds": {
              "steps": [
                {"color": "green", "value": null},
                {"color": "yellow", "value": 0.00002},
                {"color": "red", "value": 0.000025}
              ]
            }
          }
        },
        "gridPos": {"h": 8, "w": 6, "x": 6, "y": 0}
      },
      {
        "id": 3,
        "title": "Circuit Breaker Status",
        "type": "stat",
        "targets": [
          {
            "expr": "circuit_breaker_state",
            "legendFormat": "{{breaker_name}}",
            "refId": "A"
          }
        ],
        "fieldConfig": {
          "defaults": {
            "mappings": [
              {"options": {"0": {"text": "CLOSED", "color": "green"}}},
              {"options": {"1": {"text": "OPEN", "color": "red"}}},
              {"options": {"2": {"text": "HALF_OPEN", "color": "yellow"}}}
            ]
          }
        },
        "gridPos": {"h": 8, "w": 6, "x": 12, "y": 0}
      },
      {
        "id": 4,
        "title": "Audit Log Write Errors",
        "type": "stat",
        "targets": [
          {
            "expr": "increase(audit_log_write_errors_total[5m])",
            "legendFormat": "Write Errors (5m)",
            "refId": "A"
          }
        ],
        "fieldConfig": {
          "defaults": {
            "thresholds": {
              "steps": [
                {"color": "green", "value": null},
                {"color": "red", "value": 1}
              ]
            }
          }
        },
        "gridPos": {"h": 8, "w": 6, "x": 18, "y": 0}
      },
      {
        "id": 5,
        "title": "Risk Enforcement Latency Over Time",
        "type": "timeseries",
        "targets": [
          {
            "expr": "histogram_quantile(0.50, rate(risk_enforcement_duration_seconds_bucket[1m]))",
            "legendFormat": "P50",
            "refId": "A"
          },
          {
            "expr": "histogram_quantile(0.95, rate(risk_enforcement_duration_seconds_bucket[1m]))",
            "legendFormat": "P95",
            "refId": "B"
          },
          {
            "expr": "histogram_quantile(0.99, rate(risk_enforcement_duration_seconds_bucket[1m]))",
            "legendFormat": "P99",
            "refId": "C"
          }
        ],
        "fieldConfig": {
          "defaults": {
            "unit": "s",
            "custom": {
              "drawStyle": "line",
              "lineInterpolation": "linear",
              "lineWidth": 2,
              "fillOpacity": 10
            }
          },
          "overrides": [
            {
              "matcher": {"id": "byName", "options": "P99"},
              "properties": [
                {"id": "color", "value": {"mode": "fixed", "fixedColor": "red"}}
              ]
            }
          ]
        },
        "gridPos": {"h": 8, "w": 12, "x": 0, "y": 8}
      },
      {
        "id": 6,
        "title": "VaR Limit Breaches",
        "type": "timeseries",
        "targets": [
          {
            "expr": "increase(risk_limit_breach_total{limit_type=~\"var_.*\"}[1m])",
            "legendFormat": "{{limit_type}}",
            "refId": "A"
          }
        ],
        "fieldConfig": {
          "defaults": {
            "custom": {
              "drawStyle": "bars",
              "barAlignment": 0
            }
          }
        },
        "gridPos": {"h": 8, "w": 12, "x": 12, "y": 8}
      },
      {
        "id": 7,
        "title": "Current VaR Values",
        "type": "timeseries",
        "targets": [
          {
            "expr": "var_current_value",
            "legendFormat": "VaR {{confidence_level}}%",
            "refId": "A"
          }
        ],
        "fieldConfig": {
          "defaults": {
            "unit": "currencyUSD",
            "custom": {
              "drawStyle": "line",
              "lineInterpolation": "linear",
              "lineWidth": 2
            }
          }
        },
        "gridPos": {"h": 8, "w": 12, "x": 0, "y": 16}
      },
      {
        "id": 8,
        "title": "Stress Test Results",
        "type": "timeseries",
        "targets": [
          {
            "expr": "stress_test_worst_case_loss",
            "legendFormat": "Worst Case Loss",
            "refId": "A"
          },
          {
            "expr": "stress_test_scenario_failures",
            "legendFormat": "Scenario Failures",
            "refId": "B"
          }
        ],
        "fieldConfig": {
          "defaults": {
            "custom": {
              "drawStyle": "line",
              "lineInterpolation": "linear",
              "lineWidth": 2
            }
          }
        },
        "gridPos": {"h": 8, "w": 12, "x": 12, "y": 16}
      },
      {
        "id": 9,
        "title": "False Positive Rate",
        "type": "gauge",
        "targets": [
          {
            "expr": "rate(risk_false_positives_total[1h]) * 100",
            "legendFormat": "False Positive %",
            "refId": "A"
          }
        ],
        "fieldConfig": {
          "defaults": {
            "unit": "percent",
            "min": 0,
            "max": 10,
            "thresholds": {
              "steps": [
                {"color": "green", "value": null},
                {"color": "yellow", "value": 2},
                {"color": "red", "value": 5}
              ]
            }
          }
        },
        "gridPos": {"h": 8, "w": 6, "x": 0, "y": 24}
      },
      {
        "id": 10,
        "title": "Configuration Reload Status",
        "type": "stat",
        "targets": [
          {
            "expr": "config_reload_success_total",
            "legendFormat": "Successful Reloads",
            "refId": "A"
          },
          {
            "expr": "config_reload_failures_total",
            "legendFormat": "Failed Reloads",
            "refId": "B"
          }
        ],
        "fieldConfig": {
          "defaults": {
            "custom": {
              "displayMode": "list"
            }
          }
        },
        "gridPos": {"h": 8, "w": 6, "x": 6, "y": 24}
      },
      {
        "id": 11,
        "title": "System Health",
        "type": "stat",
        "targets": [
          {
            "expr": "up{job=\"intradayjules\"}",
            "legendFormat": "{{instance}}",
            "refId": "A"
          }
        ],
        "fieldConfig": {
          "defaults": {
            "mappings": [
              {"options": {"0": {"text": "DOWN", "color": "red"}}},
              {"options": {"1": {"text": "UP", "color": "green"}}}
            ]
          }
        },
        "gridPos": {"h": 8, "w": 6, "x": 12, "y": 24}
      },
      {
        "id": 12,
        "title": "Alert Summary",
        "type": "logs",
        "targets": [
          {
            "expr": "{job=\"alertmanager\"}",
            "refId": "A"
          }
        ],
        "gridPos": {"h": 8, "w": 6, "x": 18, "y": 24}
      }
    ],
    "annotations": {
      "list": [
        {
          "name": "Deployments",
          "datasource": "Prometheus",
          "enable": true,
          "expr": "increase(system_startup_total[1m]) > 0",
          "iconColor": "blue",
          "titleFormat": "System Restart",
          "textFormat": "IntradayJules system restarted"
        },
        {
          "name": "Config Changes",
          "datasource": "Prometheus",
          "enable": true,
          "expr": "increase(config_reload_success_total[1m]) > 0",
          "iconColor": "green",
          "titleFormat": "Config Reload",
          "textFormat": "Configuration successfully reloaded"
        }
      ]
    },
    "templating": {
      "list": [
        {
          "name": "instance",
          "type": "query",
          "query": "label_values(up{job=\"intradayjules\"}, instance)",
          "refresh": 1,
          "includeAll": true,
          "allValue": ".*"
        }
      ]
    }
  }
}